identifier,username,first,last,email,password
350723,sworster,Skye Weaver,Worster,sworster@smith.edu,correcthorsebatterystaple
395784,ringbearer,Frodo,Baggins,underhill@bagend.com,iwilltaketheringtomordor
995748,eloi,HG,Wells,hgwells@moreau.net,1nvisibleMan
837502,themapguy,Felix,DePalma,fdepalma@mapoftime.com,oroboros
395720,jrrt,JRR,Tolkien,jrrt@beleriand.org,eruilluvatar
105984,seaofflames,Anthony,Doerr,doerr@saint-malo.com,allthelightwecannotsee
205847,historybuff,Erik,Larson,erik.larson@thunderstruck.com,splendidOrVile
984752,theMartian,Andy,Weir,andy.weir@fourthrock.org,helloMary
395727,N7,Commander,Shepherd,spectre@alliance.mil,SSVnormandy
